{
    "BOLD5000_CSI1_1": 0.19271245368022835,
    "GOD_sbj_3_3": 0.1990790671110153,
    "BOLD5000_CSI4_4": 0.18719618324682397,
    "GOD_sbj_1_1": 0.18452883064746856
}